Income,Age,Loan_Amount,Credit_History,Employment_Status,Debt,Dependents,Risk
57450.71229516849,61,14329.914166635412,Good,Unemployed,6923.974378143682,1,0
47926.03548243223,66,15073.440973645986,Good,Employed,4525.976059974744,3,0
59715.32807151039,57,11075.508434588799,Bad,Employed,6499.800478847421,3,0
72845.44784612038,28,18241.402169219295,Good,Employed,5558.535676433052,3,0
46487.69937914996,20,14395.259256961092,Bad,Employed,3098.178540625536,0,0
46487.945645762295,23,17097.662219535137,Good,Employed,5637.042009597749,0,0
73688.19223261088,26,10562.539110989499,Good,Employed,3016.6066731193787,1,0
61511.52093729363,23,12812.708498382948,Good,Employed,3734.239450230416,3,0
42957.88421097572,26,18611.906789138855,Bad,Employed,5378.656614584748,0,0
58138.40065378947,56,13135.834239541166,Good,Employed,5594.488546760248,1,0
43048.734607813065,48,23634.819256167026,Good,Employed,2621.535069845742,1,0
43014.05369644615,49,13001.819071926988,Good,Employed,7107.971542365753,3,1
53629.43407349051,58,16123.42362875943,Bad,Employed,6144.012556600946,2,0
21300.79633013303,67,19662.95415936545,Good,Unemployed,3590.543128778232,3,1
24126.23251230451,29,7908.171335334841,Bad,Unemployed,1924.8304071016491,2,1
41565.68706138541,25,6195.955940096121,Good,Employed,4710.190841837138,1,0
34807.53319498364,25,7371.718427149526,Good,Employed,4108.11257227768,0,1
54713.709988929106,67,21312.92051713591,Good,Employed,5226.280914106045,4,0
36379.638867181835,45,12240.709270537765,Good,Employed,4273.766677688867,1,1
28815.44447997063,37,27790.996428341263,Good,Employed,985.0862785099803,0,1
71984.7315338233,64,12178.762006713057,Good,Employed,4223.306123397683,1,0
46613.355492701965,24,15922.756515985186,Good,Employed,4388.761777863374,3,0
51012.92307031886,28,22710.54976283938,Bad,Employed,6267.322049548117,2,0
28628.77720679815,37,25030.464440795615,Good,Employed,3603.6006507779007,1,1
41834.25913212226,33,25307.517883181987,Bad,Employed,8357.349346745132,0,1
51663.83884564799,21,21041.83115296571,Good,Employed,1176.7188986964857,3,0
32735.09633866546,23,20120.312629057313,Good,Employed,7622.334995605249,4,1
55635.47027518508,39,17962.634746005915,Good,Unemployed,4551.362058243791,3,0
40990.419651217926,43,18891.80538083319,Good,Employed,6719.169744687112,2,0
45624.593753100846,20,12244.071418357333,Good,Employed,5159.602968117466,3,0
40974.40081655905,58,10909.005582888465,Good,Unemployed,7279.111072050939,4,1
77784.17276763407,59,14983.12771294524,Good,Unemployed,4225.276070894378,0,0
49797.541628930994,31,14149.076887375359,Good,Employed,2802.7591496443756,1,0
34134.3360656615,28,12733.859753363624,Bad,Unemployed,7841.008574542126,2,1
62338.173681547836,35,18481.937237283575,Bad,Employed,4773.038708235717,4,0
31687.345250434668,29,19776.526042852554,Good,Employed,5443.116947248422,2,1
53132.95392507133,40,15442.034431459237,Good,Employed,7469.50382808959,3,1
20604.948141803365,29,22387.65040527631,Good,Employed,2936.0895158111302,2,1
30077.209266523543,30,9291.554429332475,Good,Employed,6190.981795278514,4,1
52952.91853803685,42,14031.70270360141,Good,Employed,3820.2104870742182,1,0
61076.99869993116,62,11415.888396985974,Good,Employed,4735.661288711256,1,0
52570.524217849554,68,5667.316914634701,Good,Employed,5144.5579307685775,2,0
48265.27576417639,36,14586.596570786503,Good,Employed,1999.5562771061277,0,0
45483.444566160666,63,14391.262458083582,Good,Employed,3442.3259143591304,2,0
27822.17014448859,53,22567.248716210655,Bad,Employed,7702.145784826278,3,1
39202.33687407937,62,18154.058422773887,Bad,Employed,6772.382377169592,1,1
43090.41843560319,25,9879.065878353977,Good,Employed,4874.7208453455305,1,0
65856.83339328374,46,24270.462831670942,Bad,Unemployed,5486.246917025786,1,0
55154.27434352692,49,21105.168477626765,Bad,Employed,4411.5149887270845,0,0
23554.39766955899,68,17910.488517343078,Good,Employed,7713.166771655964,0,1
54861.25954092192,61,13867.57950575084,Good,Employed,4599.294844411672,4,0
44223.76579375525,35,10202.803816382602,Good,Employed,5463.684184269696,2,0
39846.169995410615,23,13138.966119644734,Bad,Employed,7292.06028828413,2,1
59175.14433261302,35,20443.74309852093,Bad,Employed,3445.2570303081866,3,0
65464.99283743926,36,24422.931529673046,Good,Employed,8117.578368993788,1,1
63969.20178674298,39,22716.217641360945,Good,Employed,1939.0771805132463,0,0
37411.73715166042,54,12555.75289106863,Good,Unemployed,8259.284262225598,3,1
45361.81436223178,49,9401.912833554943,Good,Employed,4254.648832096051,3,0
54968.95147105346,58,15704.43123455602,Good,Employed,4514.6025043494365,0,0
64633.17690683539,20,6157.803172185742,Bad,Unemployed,1219.9796576341141,2,0
42812.38643232065,45,16615.83857092391,Good,Employed,4090.410565244614,1,0
47215.115350042746,27,14261.987068506656,Bad,Employed,2920.3869379462317,2,0
33404.97538990958,68,12669.817490658788,Bad,Employed,3784.7073092530545,3,1
32056.90063878994,52,7026.484663666023,Bad,Employed,4725.378068422241,1,1
62187.88733591297,46,17568.000532848582,Good,Employed,6915.583228945811,4,0
70343.60042856235,32,12336.495801690442,Good,Employed,5415.206702801252,3,0
48919.848176294996,50,9150.41582144856,Good,Employed,5615.353306802228,2,0
65052.99346838036,24,638.6889335917531,Good,Employed,2808.961222308875,2,0
55424.54037571451,29,14862.425474746819,Good,Employed,3238.4918207945398,2,0
40323.203680923136,66,23861.257983348718,Good,Employed,8597.450036702623,0,1
55420.934082626205,47,23306.29607273935,Good,Employed,3529.5979304735065,3,0
73070.54849698953,38,12714.51871706864,Good,Unemployed,8312.416504114592,1,1
49462.60941335073,48,11988.939698191098,Good,Employed,4513.877602238267,2,0
73469.6548372101,41,17343.87128037512,Good,Employed,5004.575872287008,2,0
10703.823438653832,37,10008.072804058542,Bad,Employed,7140.730320459859,0,1
62328.53756562836,54,16508.95949909733,Bad,Employed,7543.784843877313,1,1
51305.706023572566,21,18830.40139192345,Good,Employed,4778.374879441825,3,0
45514.88974301199,45,21134.666119421538,Good,Employed,4223.513892956922,4,0
51376.41164803253,61,14499.229617600236,Good,Unemployed,4888.159102955574,0,0
20186.46628098661,37,13981.631249115171,Good,Unemployed,5675.915056464237,3,1
46704.92168243732,41,10610.087066217195,Good,Employed,6782.607373739511,4,0
55356.6885726762,67,10865.5982298007,Bad,Employed,5008.459717988303,2,0
72168.41067112274,66,13867.605540492366,Good,Employed,6237.772596046308,2,0
42225.94672589529,68,16836.82753408089,Good,Employed,8276.719464541882,1,1
37872.595956602185,49,19567.923131166248,Good,Employed,5762.61922452957,4,1
42473.64434623195,58,10984.105246598276,Good,Employed,5623.305712009556,2,0
63731.03176553111,53,22463.44284479761,Good,Employed,1962.1783498198643,2,0
54931.266644895266,51,13644.381994787156,Good,Employed,-261.4602736581264,1,0
42053.59694349442,53,14893.163528257819,Good,Employed,5776.751458460337,3,0
57699.01149670034,19,11263.941604260883,Good,Unemployed,4810.351537438256,2,0
51456.16324022061,32,2878.7986986352917,Good,Employed,3970.434650170516,0,0
64529.674857993334,51,19420.22698180525,Good,Employed,5487.060408372689,0,0
39469.203591839716,53,18684.219485462167,Good,Employed,4879.192541606183,3,1
45085.067801033474,23,13593.362214408933,Bad,Employed,7255.560501267797,4,1
44118.377703017635,56,15334.95358612436,Good,Employed,5172.221736517956,1,0
28047.275778018222,59,17579.696088520497,Good,Employed,3506.153429859665,0,1
54441.80415596864,68,7187.270715567287,Good,Employed,6980.332477918578,0,0
53915.82908269834,68,12354.736613268526,Good,Employed,4565.737850107595,3,0
50076.70184963691,29,18971.323398109136,Good,Employed,6053.073367344614,4,0
46481.1929993728,20,8728.552884153753,Good,Employed,4045.178587614399,4,0
28769.438869243786,62,16467.789660833147,Bad,Employed,3700.3462290051275,3,1
43690.320158519615,35,8217.090976882975,Good,Unemployed,5168.336460371393,0,0
44859.282252098456,57,17332.14991216763,Good,Employed,5025.657287087371,1,0
37965.84096167571,38,14821.792588512582,Good,Employed,5959.654070733666,0,1
47580.71432500986,32,6924.340920472453,Bad,Employed,4462.7084933805145,4,0
56060.762852218075,50,20823.696772285857,Good,Unemployed,1327.2804324592053,0,0
78292.78851815795,52,11327.042116009754,Good,Employed,4134.452232823222,1,0
52618.66719247759,43,10948.737814928096,Good,Employed,6587.636934287631,2,0
53863.25586084147,25,16002.845986154714,Good,Employed,4405.247841513787,0,0
48883.311263507494,53,20743.186747143576,Good,Employed,4507.233194970904,3,0
21218.431770514377,65,9920.890905108015,Good,Employed,6972.753011811874,2,1
49602.291868261746,47,15308.399249239857,Good,Employed,3576.0535454821547,3,0
50903.4531491154,40,17144.082501652865,Good,Unemployed,1914.3935635142007,3,0
86948.6316872793,59,18465.52803631572,Good,Employed,4678.737760949011,3,0
47114.58552828316,61,15882.207776386125,Good,Employed,4031.652097502526,0,0
54523.210135004185,31,13164.860804583388,Bad,Employed,3067.507360493492,4,0
49479.32345442135,31,10862.048896756402,Good,Employed,4649.243088202618,2,0
32469.82943570702,19,15430.719415231873,Good,Unemployed,5983.011294493567,1,1
67142.34221772531,54,9639.304940071965,Good,Employed,4981.422876864369,4,0
61278.99549030161,22,393.247582526963,Good,Employed,5613.962145372476,0,0
61865.47920564571,55,17182.799020788338,Bad,Employed,8626.815397030847,3,1
36359.18817807891,62,19519.674205430976,Good,Employed,4314.242276884872,1,1
71041.91466404148,58,3185.3378222908086,Good,Employed,5556.69726928934,2,0
28972.234058115788,64,9951.346476450311,Good,Employed,3981.573274801731,4,1
58802.85640700405,31,18095.771305025988,Good,Unemployed,3307.280560226054,4,0
82856.83438714968,56,25287.477348558496,Good,Unemployed,3830.1846931644604,1,0
35141.955123039676,42,15103.96853837704,Good,Employed,4042.482856956623,0,1
41505.53405595842,37,11359.985293854328,Good,Unemployed,5718.951595094251,2,0
51494.77047631462,19,14085.5177944758,Bad,Employed,9698.151573401516,1,1
42447.86518825701,56,21874.382095740926,Good,Employed,3567.9131274483193,3,0
26740.04853400801,23,11770.179104377323,Bad,Employed,4166.749388769075,2,1
51028.44462209041,34,11004.039966748733,Bad,Employed,4873.753973777503,4,0
34065.44429410843,42,12586.282389089838,Bad,Employed,5791.597697419495,1,1
57103.88645952773,45,10233.356958706438,Good,Employed,5527.10162390957,4,0
36208.63648649295,19,15613.351579973978,Good,Employed,7568.1915878962345,4,1
73249.01607526309,52,23123.392292347802,Bad,Employed,147.2158589295832,4,0
38251.20061495644,54,16615.396365580145,Good,Employed,226.14025960865456,0,1
45169.07725691487,22,13738.232489368562,Good,Employed,4008.2436559797015,4,0
62202.758260545044,18,13540.94365542228,Bad,Employed,7194.600375087417,3,1
31537.03525349067,57,7184.045956516715,Bad,Employed,1868.7039367888074,3,1
53411.899019061944,29,19415.548885735796,Good,Employed,-1015.2646793875147,2,0
69607.14131423642,53,14610.81401493599,Good,Employed,6142.358812438417,4,0
25887.75148158159,62,14097.600432046871,Good,Unemployed,5487.314447405429,4,1
52769.507877984564,40,30965.537839224304,Bad,Employed,2819.5831864011407,1,0
53898.24191372635,64,16493.76454182843,Bad,Employed,3028.92079855814,0,0
61727.34307665966,48,11241.044749524079,Good,Unemployed,3060.512560730651,2,0
31445.73933682877,28,12868.212018972285,Good,Employed,5221.0706349478805,4,1
30193.150803735854,27,20742.228545983773,Bad,Employed,3747.369447633986,1,1
57829.12348425346,20,15566.352052688822,Good,Employed,5988.1278379510395,0,0
54454.77009849779,31,7808.610108413167,Good,Unemployed,-709.2533258087824,2,0
53757.39275518815,33,19596.144672876017,Bad,Employed,3286.2962697444013,2,0
55196.72314245463,27,11659.27957230503,Good,Employed,2747.8920781778993,4,0
39799.62917632264,46,24366.488881087727,Good,Employed,4487.318643255016,2,1
53483.80545741505,27,20400.240328573243,Good,Employed,3923.9044830197226,1,0
54396.08709948022,29,12763.390521706244,Good,Employed,6595.687559791533,2,0
39284.72872960448,47,21405.081808675564,Bad,Employed,1281.3264566798848,3,1
77986.61766717135,58,15339.277552637017,Good,Employed,5090.982952661504,1,0
57107.49381367681,18,19263.8683756111,Bad,Unemployed,6116.672846423411,0,0
32130.44754196027,22,17423.664086472374,Good,Employed,8713.294873123908,0,1
59848.30412950744,37,10768.216725045633,Good,Employed,4036.4680578130497,4,0
35379.77494659018,25,11782.25083841269,Good,Unemployed,5648.917208705034,4,1
61806.26905613678,60,20149.804087905806,Good,Employed,1392.27441487527,3,0
67378.93368511106,29,13326.123339467296,Good,Employed,216.08759137395282,0,0
37689.76522472434,18,12981.757683790016,Good,Employed,6689.5487515633995,0,1
64450.64193866483,37,10224.387103253235,Good,Unemployed,4988.879412703859,0,0
56191.71390404747,45,17117.995327967306,Good,Employed,7357.025379596846,0,1
62330.90239991735,60,25312.624596215726,Bad,Employed,2253.1942220605015,2,0
78451.89473980921,54,9662.335428728635,Good,Unemployed,6039.8042790575055,1,0
46319.17825995694,64,15121.09728336379,Bad,Employed,8737.635681087706,1,1
38693.95753463766,54,22061.102777077147,Good,Unemployed,5839.411216714532,3,1
36657.28355561715,29,14601.793043771424,Good,Unemployed,5553.163011182098,2,1
37762.845725518426,54,17261.858981248668,Good,Employed,5017.1121616487,0,1
48843.47435878844,66,9688.032359265602,Good,Employed,1858.2370857481756,0,0
55117.279622249654,66,17141.535486038243,Good,Employed,7711.1458714206965,4,1
54150.36198995029,61,14064.278674977257,Bad,Employed,3778.284720389868,4,0
62407.74873554036,45,19928.649978399313,Bad,Employed,6008.966512766034,3,0
50195.02837816861,64,20936.930257823755,Good,Employed,1873.9313868574927,0,0
71803.01115735975,32,27947.81821009307,Good,Unemployed,2641.080670984439,3,0
46030.147501430656,23,17898.165866067877,Bad,Employed,7870.174798444471,2,1
90802.53749884429,61,16628.981582910834,Good,Employed,4305.395422084314,1,0
59385.01021647509,37,15971.92150788668,Bad,Unemployed,7906.550952085089,0,1
37142.63665375576,67,13234.16853594656,Bad,Unemployed,4843.538681882965,2,1
33936.612529083315,31,16692.419217308456,Bad,Employed,1316.2044540842853,0,1
57237.08622864778,19,13522.992949304853,Good,Unemployed,6784.135199463441,4,0
46648.05822011224,26,15842.304881348071,Good,Employed,3820.2153644887844,3,0
60710.007411381375,54,21587.987678039797,Good,Unemployed,6397.377627034087,4,0
57098.56436860317,37,9967.287173601795,Good,Employed,5050.421735080165,1,0
48907.56631014691,43,20699.392805645228,Bad,Employed,1913.7635441142593,4,0
37298.094228973925,46,21585.575336699327,Good,Employed,5328.589530741138,0,1
27277.291629712032,18,14409.657365044606,Good,Employed,9392.446284305599,4,1
43302.275718994686,52,4390.725504957027,Bad,Employed,5985.972917028918,0,0
62845.981914852084,23,11960.890064527837,Bad,Employed,4884.964493989074,1,0
53211.40616195306,54,21484.972732805545,Bad,Employed,7150.686803913795,4,1
31313.91831932018,22,14885.65968850559,Bad,Unemployed,5421.336930406222,3,1
52597.71388776773,50,10003.488838525445,Good,Employed,5419.068460525588,3,0
55779.76069593255,66,12476.125393858913,Good,Employed,2816.7496556817946,3,0
36742.138456983004,68,19203.100132522766,Bad,Employed,5467.696051579197,4,1
52305.87658918292,31,17733.667841006896,Good,Employed,7070.8868328338895,4,1
50873.13077669,29,13805.339504151529,Good,Unemployed,3327.875695799951,4,0
32855.44553254065,59,13165.877940926563,Good,Unemployed,7848.991642493895,0,1
55366.81040522425,37,13041.20925478089,Good,Employed,4816.587951709748,1,0
58411.76789552352,67,10387.949077507488,Bad,Employed,3224.4609769229187,3,0
66245.76864762916,41,23076.878447347208,Good,Employed,6995.264153840489,0,0
65807.03078052355,60,13388.3976539433,Good,Employed,4426.411528523461,3,0
29334.959480643633,51,21085.792604127484,Good,Unemployed,6519.029774972216,0,1
35932.62440127316,42,22606.580259612256,Good,Employed,4416.482735482926,4,1
57725.529008129895,67,19991.5544907398,Good,Employed,4880.347712940193,3,0
57706.78926368313,46,12841.898436409758,Good,Employed,5987.120408668583,4,0
57725.715294590715,56,17018.650451683046,Bad,Employed,5581.794115180011,3,0
107790.97235982082,48,14879.02196804542,Good,Unemployed,1008.9364390965229,2,0
58563.35766039751,64,10481.49069634936,Good,Employed,2757.5125198112164,0,0
67033.48460270898,60,16621.796408608014,Good,Employed,6858.819969581631,2,0
64310.02645239804,67,9104.801044200987,Good,Employed,4735.726822196905,0,0
59770.868769586974,40,20938.39694230782,Good,Employed,3952.5373944571566,1,0
45270.96133039481,61,12676.913513508034,Bad,Employed,2282.851969485051,3,0
61384.53830739901,55,16005.798279364197,Good,Employed,2840.527357448303,1,0
38407.621781936425,37,16416.43935773071,Bad,Employed,956.4027200761052,1,1
46447.72089889987,40,13705.475131479614,Good,Employed,4797.438562596934,0,0
42719.54678256345,62,17933.469007376374,Good,Employed,3803.1248388379063,2,0
51228.112090794835,69,12625.481716887378,Good,Employed,3066.8242180293696,4,0
84719.87850010264,33,19356.48648728622,Bad,Employed,4863.753149664094,0,0
21991.02211112378,67,8270.101598766258,Good,Employed,5727.941261705476,4,1
60293.9028556177,59,15631.897897732058,Good,Employed,9186.39586441989,1,1
25809.261932155227,25,24694.644995291426,Good,Employed,1976.2331608735726,4,1
42921.0220131585,67,9998.343376972127,Good,Employed,7318.762086601044,2,1
66334.25895451049,38,11611.275147375742,Good,Employed,6946.203122030144,0,0
50964.200286431944,18,17569.539248294575,Good,Employed,3441.814521246599,2,0
33833.82833106041,25,15897.90890969799,Good,Employed,5406.471909172062,2,1
39270.444361100475,46,16753.150496367794,Good,Employed,4084.7335013247693,0,1
60193.96623402014,49,17445.935650738316,Good,Employed,5371.377160837478,2,0
39044.50052424295,55,18173.60734280885,Bad,Employed,8018.262026809101,3,1
53246.878843729624,22,20548.499209781115,Bad,Employed,6211.212465262626,3,0
50683.5775985572,64,17049.093284642564,Bad,Employed,6017.216746466884,3,0
40225.99478591274,39,13793.711726907288,Good,Unemployed,4139.381360090715,4,0
82159.16133987988,64,18362.868506013656,Good,Employed,2031.8866701513298,2,0
59508.78533477017,51,24499.409674476075,Good,Employed,4583.063578919184,0,0
19622.861200135892,18,14336.831268087131,Good,Employed,7413.21630972783,0,1
52796.814721541414,43,10127.353476646793,Good,Employed,1945.664286820705,4,0
40073.20302847418,60,20535.403346434865,Good,Employed,2889.8212636466096,0,0
62786.50002194336,27,14398.094180232009,Good,Employed,5252.5354724681365,3,0
38112.188923509486,47,4136.652269929818,Good,Unemployed,3030.6904303054753,2,1
48278.95337799651,67,19237.108385752108,Bad,Employed,3414.953105769575,0,0
57574.80918470686,35,12323.359070230386,Good,Unemployed,4152.802836543646,0,0
62986.327912551824,34,14547.333588479196,Good,Employed,2268.765191619701,1,0
31995.553894163357,43,16659.901652845074,Good,Employed,3051.7563075672633,1,1
44982.481462385775,25,15952.498398895332,Good,Employed,6406.8558335746175,1,0
42875.82033258566,64,18547.259085695197,Good,Employed,2385.2604355380718,2,0
40200.06151139432,57,12822.568147150783,Bad,Employed,1804.2557310103248,3,0
76481.81360421646,66,17565.52899088041,Bad,Employed,3739.9500409322113,3,0
56074.725664414334,29,13702.266612080413,Good,Employed,6463.911005019691,3,0
31086.740684974324,44,18694.052404437516,Bad,Unemployed,4606.156384006221,2,1
63767.92920582164,25,18076.83742006527,Bad,Unemployed,4070.8378437687634,2,0
81832.3429551895,42,10322.806489777024,Bad,Employed,5088.717595031214,1,0
65486.97890826721,63,20429.910580875163,Bad,Employed,1508.585134280696,0,0
27209.4505106898,21,12320.182774429759,Good,Employed,5989.4113075500645,4,1
42736.48890700623,50,19040.288991405727,Good,Employed,5766.870062807288,4,0
69003.66723779934,18,16836.4365670067,Good,Employed,4181.383051808558,0,0
39384.958015718286,36,24190.918383975615,Good,Employed,7011.849023592833,1,1
56657.291422193426,48,13882.67008814074,Bad,Employed,2745.0078020939227,0,0
61619.510801440054,33,13253.416019409013,Good,Employed,7255.817986507138,0,1
36096.04292632875,31,14902.901970561337,Bad,Unemployed,5308.987331190502,4,1
49107.119659072996,65,13484.101085828623,Bad,Employed,4326.894820243653,1,0
1380.9898989639114,22,18999.70950971025,Bad,Unemployed,4960.252729263377,2,1
34634.185379985654,58,6918.44695781706,Bad,Employed,4785.4704683781165,4,1
46211.4777291026,43,9731.58790426823,Good,Employed,7440.565792835434,2,1
31283.252270527257,45,9660.985392104034,Good,Employed,2846.641745057973,1,1
74486.16955897454,19,19751.537959867877,Good,Employed,3474.9615217068035,0,0
28547.87933059051,67,23553.066862909625,Good,Employed,7072.605784144959,3,1
43399.332699545244,23,14477.753907312643,Good,Employed,3808.9301296322815,3,0
51961.10865929137,26,14155.891384049946,Good,Employed,6801.066154663184,1,0
71619.09933599173,50,15350.260815565907,Bad,Employed,8398.87196601742,3,1
28462.06773230841,58,20809.39151304095,Good,Employed,4196.4099461167325,2,1
67447.45628232439,42,10363.234329047129,Good,Employed,6362.724653150611,3,0
50153.4959152938,65,16191.844913673925,Good,Employed,2692.615437320283,1,0
35277.37023428074,30,19875.988148912147,Good,Employed,6509.466596135619,1,1
56931.55211394906,26,17505.470849699224,Good,Employed,5398.847971973534,2,0
52985.895433602054,30,15947.908082993717,Bad,Employed,5946.07656432043,3,0
40996.74684261808,48,20005.230462835705,Good,Unemployed,3708.85585592921,3,0
51047.031274850284,58,1483.8385350038134,Bad,Employed,1677.833168865655,0,0
44220.2960470736,28,18389.37659765454,Good,Employed,6006.50412949901,4,0
51702.76017876872,21,11729.621584362882,Bad,Employed,873.1936950410909,1,0
59931.9601178157,51,5846.835515717716,Good,Employed,4365.29901551493,0,0
73790.25224218029,55,17556.012997624905,Good,Employed,6882.363732839939,1,0
31432.767517597265,63,21868.29272581479,Good,Employed,5383.7954717460725,0,1
81995.500619844,21,14312.75742686154,Bad,Employed,8896.685289579626,4,1
20718.68300716247,55,19764.372736014695,Good,Employed,7050.2183051635475,0,1
47723.22357446625,36,23061.391289943225,Good,Employed,3692.203223348847,1,0
58824.75809726865,23,21574.572267920237,Bad,Employed,5054.626759702877,3,0
54214.87801602549,51,23199.822646856963,Bad,Employed,4905.258594911128,1,0
40659.50720269109,35,18710.63745535946,Good,Unemployed,1835.6464733077455,2,0
46878.16624464087,30,15377.168194507964,Bad,Employed,3119.2021670312934,2,0
42604.985980117504,58,6990.170940514157,Good,Employed,3878.4781860402795,2,0
41159.52864583683,40,13769.687559350257,Good,Employed,927.558994288127,2,0
62744.03145531537,36,10783.767023419041,Good,Employed,5094.9869365032855,4,0
55355.23228947571,62,25854.713587489066,Bad,Unemployed,4501.856310693918,3,0
39606.35607109019,28,14120.570937838316,Bad,Employed,1654.2121973768517,3,1
63493.99813149876,18,15616.02403392243,Good,Unemployed,5808.425730554664,1,0
54609.49281314914,41,17757.426880202336,Good,Unemployed,6431.7454893819195,0,0
62192.931782584405,24,15218.012231862269,Good,Employed,5454.068957729778,1,0
59444.432628854185,42,23475.255202153763,Bad,Employed,4351.863649582059,1,0
37565.07483616892,38,11886.75319132774,Bad,Employed,6182.88430350371,1,1
41597.284397045456,32,15973.037276186213,Good,Unemployed,6360.440720953382,1,0
61209.40407684893,18,11287.647071509758,Bad,Employed,5614.807139439376,3,0
59155.55398150197,29,8399.88744389647,Bad,Employed,3350.7754991304782,0,0
49686.47609053778,24,11941.154545473573,Good,Employed,5553.201531022361,1,0
51759.91074963173,32,14814.81601475794,Good,Employed,7390.9613016509575,3,1
69164.97343682637,38,12853.4888774137,Good,Employed,3806.7418827765396,1,0
41126.42916746255,36,11537.89510063072,Good,Employed,9195.878678264862,2,1
58206.460717550566,46,7968.412681640831,Good,Unemployed,3948.738132029231,1,0
46967.110213491585,42,14584.472136856526,Good,Unemployed,5064.814026680272,1,0
46734.78195159169,50,7476.398129844989,Bad,Unemployed,3655.0288079873276,4,0
66481.65277980786,66,18800.279818448013,Good,Employed,5446.541671840521,2,0
62381.245234820446,49,15412.198764672516,Good,Employed,1515.5566147294498,0,0
62202.644540009576,66,7712.242502675347,Good,Employed,3907.9164023665576,1,0
69582.18210731493,52,13453.954614750683,Good,Employed,2815.7575993028654,0,0
50315.05762449138,61,11239.217972047085,Good,Employed,5270.676695784582,2,0
60229.294569424455,55,16595.8725520959,Good,Employed,6988.894751017815,1,0
45345.99865109816,43,21702.252230115722,Good,Employed,6292.012374229103,4,0
54862.49528732663,28,5624.137651771278,Good,Unemployed,256.6812782822153,3,0
48047.85418448473,52,15575.130395737086,Good,Employed,9084.13930585576,4,1
51454.93947489077,25,14199.336022166797,Good,Employed,5590.559881241737,4,0
58927.3553815537,63,18356.70038225233,Bad,Employed,3447.0017190139997,3,0
37726.689751497914,31,16065.983141188446,Good,Employed,5314.255837981882,3,1
81385.8091352819,27,11240.153341305904,Good,Employed,5352.379645005385,3,0
34909.73927750447,19,13404.73032166691,Bad,Unemployed,3666.3025660968724,1,1
31787.17080818402,63,11019.870715982555,Good,Unemployed,5395.833334684151,0,1
67371.66310250101,26,20380.03569299299,Good,Unemployed,3785.0554247593855,0,0
61874.94040944404,20,15106.558243359712,Bad,Unemployed,4191.276014619954,3,0
59361.79725578232,38,24505.95342876504,Good,Employed,3627.441728489831,4,0
59425.1826389642,43,14696.695930926897,Good,Employed,2134.6574205206944,2,0
49816.29840729628,25,11457.966165447686,Bad,Employed,5291.672940430768,3,0
36541.18442771253,65,7431.428036935864,Bad,Employed,6170.598873032676,4,1
51137.068372905895,19,5984.301618720274,Bad,Employed,6029.767192152744,4,0
39842.574327318325,23,7079.320284972551,Good,Employed,6639.850505270469,1,1
64626.796001266266,45,16335.633255057417,Good,Employed,5648.6804200297365,1,0
47794.13927746792,46,17543.62511614967,Good,Employed,3934.5490035661933,0,0
37617.54204811233,43,7094.046489839333,Good,Employed,6679.327728862378,0,1
45179.2123752051,42,19475.19157038058,Good,Employed,2284.96492031613,2,0
56193.97181413436,29,12584.694741582804,Good,Employed,3198.6572349750395,2,0
41544.13170794038,22,15733.965059927747,Bad,Employed,3071.5998571535106,2,0
37666.69406650353,51,23061.103141277123,Good,Employed,7160.112118278621,2,1
53655.30817237868,65,19484.19657932766,Good,Employed,6885.577028280151,4,0
53674.49856663084,54,13657.346760470838,Good,Employed,5974.61047408999,4,0
42395.85236943305,32,10544.038872923564,Good,Employed,7143.859730423595,0,1
42934.425415725156,61,4240.922993353475,Good,Employed,3241.4344351760237,1,0
53480.74906036454,53,11404.233403787899,Good,Employed,5697.190239721961,1,0
28278.734877540137,32,13944.348805861528,Good,Employed,4749.651143233672,3,1
28888.043384351673,60,10064.102364244081,Good,Employed,6693.764207769827,4,1
39223.33668121346,65,14343.715164538477,Bad,Employed,4769.551534895605,2,1
46798.292724322295,40,15384.259414793842,Bad,Employed,4230.114223179838,2,0
54663.61348397007,23,13875.720090959607,Good,Employed,6081.81703712198,3,0
72130.34325424329,63,11749.987095882701,Good,Employed,6752.338334382466,1,0
62864.89434803029,67,15843.273359833638,Bad,Employed,3663.3096103063967,2,0
47600.922050548594,61,17209.703247847046,Bad,Employed,4877.848657295248,1,0
49714.75688145967,60,9548.00461278577,Good,Employed,2883.1187327166945,3,0
34962.05953043287,62,22054.66189873135,Bad,Employed,3.8779650141214006,1,1
49722.30296011415,38,14507.05933857869,Good,Employed,5400.919262827458,1,0
45670.120416197926,40,15094.248114724238,Bad,Employed,6217.810712509264,1,0
54840.778405071345,60,18541.072116282787,Bad,Employed,5524.133618173451,2,0
37591.53584671515,33,16166.080656317508,Good,Employed,1100.8765644912655,0,1
57790.197713617585,64,19765.683169566226,Bad,Employed,4298.301139847051,4,0
72991.08369503866,32,16435.620826009123,Good,Employed,563.3044798978372,1,0
48368.597773147136,42,11937.81312679781,Bad,Employed,7739.40221530837,1,1
56025.67583148412,53,16807.51762603051,Good,Employed,2827.890835763828,1,0
60352.159875666686,28,9281.368963396691,Bad,Employed,7510.807218919793,0,1
43981.692921712456,68,15542.798528882617,Good,Unemployed,6891.739287368291,3,0
53361.38722715625,32,14833.850046777696,Good,Employed,3198.8192949278764,2,0
50188.88601172692,21,13959.415713637301,Good,Employed,2734.43009746451,0,0
51465.14147823248,38,14357.312442805347,Bad,Employed,5700.740432772676,1,0
38404.853242168,30,5590.754772511804,Bad,Employed,3311.3519256338577,0,1
50367.652613884144,39,12256.375461295193,Bad,Employed,5204.969284316415,0,0
57469.974368681746,36,15464.224505705573,Bad,Employed,4034.3448183861633,0,0
71767.15411692562,51,15799.281959987002,Good,Employed,1437.6831710687334,3,0
64389.0623912781,31,9861.62429537021,Good,Unemployed,539.0639617510824,4,0
82297.73686267334,21,21328.539204323504,Good,Employed,5453.368496989195,2,0
38489.78655667926,65,10669.125758927496,Good,Employed,3876.8845073387492,3,1
63084.80955081017,69,19847.286002633686,Good,Unemployed,3893.8203661717353,3,0
52750.130086075274,63,17135.971809358423,Good,Employed,6391.727678187571,4,0
82847.04399826509,44,11768.863450780984,Good,Unemployed,7346.88455326489,3,1
37875.525719672725,46,23876.55446304756,Good,Employed,4454.910557276382,0,1
37404.17236728836,64,9031.8158412176,Good,Unemployed,4318.802586180277,0,1
41009.11031833967,45,19595.770868050007,Good,Employed,6000.286066227767,1,0
18141.564135352895,52,20002.91159021489,Bad,Employed,2286.1288606008493,3,1
42113.674674788585,25,11646.898954616776,Bad,Unemployed,5446.306109495394,1,0
38613.01007669453,33,21962.326500321644,Bad,Employed,6103.771943644308,2,1
52255.906797143114,59,13749.767427005236,Good,Employed,6360.460416835258,0,0
55126.339636657394,53,16443.468146399286,Good,Employed,1126.4945949950702,2,0
78142.56258823829,47,16301.609193856104,Bad,Employed,3477.2894603821187,4,0
64256.35757279075,35,14328.45629264726,Good,Employed,3243.4734943530666,0,0
41346.44516506395,19,19054.041365798912,Good,Employed,5199.773908818426,2,0
36523.77992977463,66,18967.443602761065,Good,Employed,5961.489159535968,4,1
57378.78757259758,30,6257.340133809095,Good,Employed,7993.420814891962,2,1
30196.501894690366,21,21521.701214390763,Good,Employed,4010.069039263854,4,1
77471.8814878153,43,6687.540059821629,Good,Employed,4004.8550033815723,4,0
67691.60181081931,42,20162.731021708285,Good,Employed,7299.344037757493,0,1
42962.365218429426,47,20633.525684137916,Good,Employed,5593.15387706061,1,0
24302.98206363684,28,9545.167848924008,Good,Employed,7535.303022375947,4,1
70308.0856124812,24,12945.928560227076,Bad,Employed,5577.456006019673,4,0
48281.902321210735,48,9471.476657570322,Good,Employed,2685.7667625734584,0,0
68567.24467960192,61,13925.394848556323,Good,Employed,2333.7432904443867,1,0
26083.585118084495,27,13459.828579071294,Bad,Employed,1896.975501882142,3,1
41009.374655693406,56,18898.3026613467,Good,Unemployed,6324.103669516946,3,0
50078.65549577275,30,21551.54373059804,Good,Employed,7377.193646174016,1,1
50704.70890647113,48,21978.41905394978,Good,Employed,8698.724282772762,2,1
43249.01792781134,24,12189.15986710849,Good,Employed,6686.21066464648,0,0
59342.748985212485,66,13953.890631277362,Good,Employed,7325.677155069972,1,1
33985.69355926108,59,6582.80903889525,Bad,Unemployed,3839.9673346926306,3,1
47864.3077246806,59,10970.649667519056,Good,Employed,2687.1683665122864,4,0
51804.434475678485,53,19824.25816548729,Good,Employed,6700.158664835107,3,0
57716.582510881235,37,23077.91411774116,Good,Unemployed,5835.361504478801,4,0
60674.223171333346,21,8828.25564060039,Good,Employed,5214.888748681785,0,0
33130.36862243196,24,12037.678704235528,Good,Employed,5774.74296126598,4,1
26988.287438965664,18,14867.971215205365,Good,Employed,5646.370964916412,1,1
69165.15232847763,61,16400.805794098032,Good,Employed,7567.6337197071225,4,1
54984.71017969387,62,10951.98240039177,Good,Unemployed,7589.971169633912,2,1
38772.701951651696,59,17120.30522232045,Good,Unemployed,6088.440704680694,1,1
73267.27963283785,64,12630.80326464542,Good,Employed,6691.605745125857,0,0
51735.11951439288,30,14927.738645608604,Bad,Employed,6028.1251048495515,1,0
67689.45776095739,39,17731.4212400185,Good,Unemployed,4077.6605359307623,2,0
51012.777221151635,38,15032.111349054689,Good,Employed,6513.12934982628,0,0
80911.21887322981,39,12818.070547367157,Good,Employed,2211.0098622814767,3,0
76330.11263664806,45,14451.950980370846,Bad,Unemployed,7107.7831045917665,2,1
46265.5377728139,26,14558.185203973324,Good,Employed,2610.95412046793,0,0
64573.56426431533,43,13149.944850589362,Good,Employed,5571.606573589466,4,0
59680.639243777216,26,13706.019686664487,Bad,Employed,3309.692083147682,1,0
70529.47336298523,32,22993.235852523583,Bad,Unemployed,6106.777966148853,0,0
35526.14809129843,27,17804.597239706192,Good,Employed,4932.1495481441825,1,1
60290.77189997659,41,13522.598409854198,Good,Employed,1810.488083673335,4,0
65876.36730274382,59,18484.77202255368,Bad,Employed,5841.399262036957,0,0
23618.907703653287,25,13330.90255121995,Bad,Employed,3844.158446334579,3,1
32251.122310013372,41,20865.623187933204,Bad,Employed,6762.293441626738,2,1
19411.51733359849,33,16848.21096099047,Good,Employed,5002.651377468815,0,1
45958.89748333163,66,14463.489279978856,Good,Employed,5790.841970776077,4,0
60763.133836939436,43,17238.584629051387,Good,Employed,3084.862089969576,0,0
72535.35578144042,44,7145.619239657503,Bad,Unemployed,3821.3355371452762,1,0
51111.42170629663,54,9366.162655450975,Good,Employed,4082.722727797831,0,0
74429.23318356938,21,9030.374968004722,Good,Unemployed,6713.404960485112,3,0
29298.47812677663,67,15714.715473818535,Bad,Employed,8354.754175610979,0,1
24449.26340967268,41,23662.574997425458,Good,Employed,3389.6564965142475,2,1
49166.78451655072,36,26156.500730963162,Bad,Employed,7153.69628931536,0,1
55760.98173408961,53,18190.255507203787,Good,Employed,660.6451645485959,1,0
49509.578778588606,56,17504.222374722285,Good,Unemployed,2611.6211978154215,0,0
18988.36849940185,27,5994.711329236305,Good,Employed,3082.4430876264505,3,1
48663.19940730817,42,12286.631001329892,Bad,Employed,2294.9826211185555,4,0
30432.957492427202,35,11061.081240458805,Good,Employed,1832.8232204248402,0,1
60045.08823245058,36,11895.76200874442,Good,Employed,5825.997824275595,0,0
55498.973691452724,53,14159.280907076052,Bad,Employed,4571.864604544277,2,0
35901.80320508967,27,12639.547111514363,Good,Employed,5758.810795210219,3,1
42291.9962399496,50,5103.500948121062,Good,Employed,6380.945372243026,4,0
34111.79717166573,67,18739.551280587668,Good,Employed,5531.233986345067,1,1
49059.813540902425,22,9636.284871300966,Good,Employed,6315.526352300747,0,0
64327.134807518574,64,16196.234320555748,Good,Employed,4860.935427515461,4,0
35214.10930496684,66,25370.41334874987,Good,Employed,2626.0132233885106,1,1
57560.697732767665,52,10403.077042067882,Good,Employed,7115.628361641592,3,1
42046.13572441339,61,2348.5623862683515,Good,Employed,3821.775734437746,3,0
38106.907516064835,51,13569.978890599446,Good,Employed,3128.807402475148,4,1
48394.544600681635,50,20504.798174992855,Good,Employed,4644.164248391204,1,0
34471.365163709386,38,24791.737271102967,Good,Employed,3174.378161406974,3,1
41695.26041979227,34,8852.252027737915,Good,Unemployed,4165.139236021136,4,0
32031.831611167272,39,17483.496116182607,Good,Employed,5688.1078431269325,3,1
79470.87699374584,65,12673.447716099734,Good,Employed,5696.683478492254,3,0
50528.95327957593,54,14470.258228479322,Good,Unemployed,3204.339867148741,3,0
39504.117380111216,32,28221.716735085174,Bad,Unemployed,4024.589254102511,2,1
53209.69866101333,52,7485.148358024234,Good,Employed,7148.666009540488,1,1
48315.07925463755,45,16268.698307472867,Bad,Unemployed,5992.800235467882,4,0
46685.45600700165,24,17338.465858827167,Bad,Employed,9150.130078697082,4,1
59212.50050065138,49,20428.931624696736,Good,Employed,7360.256347483055,1,1
61362.61565070957,28,15489.915767354478,Good,Employed,7288.586137119878,1,1
42042.48278584209,27,16540.25269752051,Good,Employed,2224.2628990883964,1,0
41362.7263903298,26,13041.757162891045,Bad,Employed,6527.720703266845,1,0
45874.22454272534,31,16345.634706225537,Good,Employed,4893.786396606179,0,0
15471.18252896623,30,13284.038622512948,Good,Employed,3898.036392923501,4,1
27272.134067021718,42,18107.859449280255,Good,Unemployed,5336.030681065057,0,1
70503.11401166787,19,13151.94831978183,Bad,Unemployed,6890.423069222967,3,0
74674.51570251926,52,16885.501969510933,Bad,Employed,6001.663182008423,3,0
46264.45940665432,24,14853.685931575108,Good,Unemployed,3243.0523973158797,4,0
58648.35444583649,38,20630.251253860843,Good,Unemployed,6484.917827185241,3,0
54668.75231815304,35,14743.031382057568,Good,Employed,3724.824915848072,1,0
96183.21212682856,20,6134.837658965593,Good,Employed,5433.366237928572,0,0
66793.62367151865,59,21309.607503569958,Bad,Employed,4393.299865045731,1,0
48081.2361277885,56,10471.338495686905,Good,Unemployed,4562.267496528749,3,0
35666.89339099362,58,11731.1683067559,Good,Employed,6532.485950081019,0,1
25903.30519613641,66,12021.69352978254,Good,Employed,2919.612560368204,1,1
53051.954538008344,28,21872.190465854088,Bad,Employed,8890.390148553866,4,1
38654.73882073545,56,4321.628930106523,Bad,Employed,1357.8278614110072,1,1
28666.19435603489,41,30688.74266829997,Good,Employed,3804.6646334902857,3,1
40301.4067363621,63,20280.28404533026,Bad,Employed,5740.423779883482,0,0
33776.779945784074,36,16116.1945706458,Good,Employed,6168.6283328706195,4,1
75307.12452608848,21,14725.529996918569,Good,Unemployed,4799.04855885659,0,0
63224.59635424176,43,16427.770374288284,Good,Unemployed,4885.218593996915,4,0
49880.41038025074,55,17605.61214189669,Good,Employed,5821.100170655233,0,0
72199.16208335038,59,18226.077929750285,Good,Unemployed,4537.861045084639,3,0
51160.524614714275,49,17778.022330017244,Bad,Employed,7786.362515869812,4,1
37080.73698007604,56,15447.903406276244,Good,Employed,6678.698228463205,2,1
72846.86115904486,62,14013.30789846337,Good,Employed,6745.648702011269,0,0
58083.65065526988,63,14243.633581732442,Good,Unemployed,3067.686553259166,0,0
34441.30768510315,53,14025.458598236595,Good,Unemployed,4841.223151188594,1,1
47144.91982874588,57,20668.850484335322,Bad,Employed,4399.068102558593,4,0
36865.726199228644,54,17967.78361140431,Good,Unemployed,2988.7972486210683,2,1
29258.00403553496,50,298.05682667859946,Good,Employed,5720.328367891534,3,1
63892.66321297462,53,18279.503882648805,Bad,Employed,3924.708484440367,1,0
78641.24960705196,20,15973.680973593875,Good,Employed,6310.807659700474,2,0
29021.486392712883,26,14906.456217770512,Good,Employed,2859.6168742113364,4,1
58444.538550358564,25,13057.40773455557,Good,Employed,8438.081225683642,2,1
40240.361463172594,50,20620.56359993007,Good,Unemployed,3207.3346828158765,0,0
42693.11924352956,23,19737.632310614288,Bad,Employed,5438.604674400872,0,0
41114.09113641696,58,11135.611660881954,Bad,Employed,6583.718620776135,1,0
37040.138454802756,56,17035.261435622677,Good,Employed,3858.7191395997743,4,1
50727.82441917241,21,10141.71632729357,Bad,Employed,6704.937286865901,4,0
37535.748253834434,30,8101.909176055347,Good,Unemployed,2541.6328043991675,2,1
54056.85238669758,66,11866.413877050174,Good,Employed,7904.235398365121,1,1
49246.42835826294,19,19311.967361913794,Good,Employed,5028.298529931517,4,0
46415.77929700386,22,19765.625226880435,Good,Unemployed,3807.1771840622405,0,0
36386.545069376036,61,17565.427100486464,Good,Employed,4401.636455145131,2,1
41348.43004147501,44,18625.478934239985,Good,Employed,6617.838538785439,3,0
61330.86838738634,49,17580.89143557479,Bad,Employed,3831.0894162991235,0,0
57513.75781436571,38,11792.59202388524,Good,Employed,3501.2846211544447,1,0
35336.67132802174,25,17159.612723369704,Good,Employed,4556.926804832524,4,1
51489.98458143839,55,19002.04762613841,Good,Employed,2646.0757744600637,0,0
61270.80685057683,25,18771.45664906787,Good,Unemployed,8641.087815883631,3,1
24958.920783179423,67,20944.566857373215,Good,Unemployed,3867.2108175705534,3,1
58150.402885699026,20,18541.51923600532,Good,Employed,6663.233572360807,1,0
40060.643615812296,61,16757.241037707914,Bad,Employed,5418.9401672955455,0,0
58558.98002889739,20,20350.751191582138,Good,Unemployed,3030.931899036064,2,0
38551.11265186225,39,14867.3937037547,Good,Employed,4988.090581574541,0,1
22926.768490032213,23,10590.626743861412,Good,Employed,6568.005558621496,3,1
25586.86343175256,19,14184.665180281181,Good,Employed,4623.477329827387,1,1
50721.27419992073,40,11275.486775967755,Good,Unemployed,7386.225891702055,1,1
53895.83752582223,61,11624.108625128092,Bad,Employed,7043.0307855637275,2,1
36435.25062343387,19,14277.40664642241,Good,Employed,6837.829709316658,1,1
59578.88688166061,55,11037.900395000193,Good,Employed,4080.686455454006,1,0
25077.1990659656,34,13460.192351804799,Good,Unemployed,2840.315104437026,1,1
49008.80302029025,52,5531.926665231073,Good,Employed,3772.824789274411,1,0
31834.75700356315,51,16066.468536864693,Good,Unemployed,5392.4818813334405,1,1
40222.45838296761,40,15006.027376811122,Bad,Employed,6091.573427064711,3,0
50710.98006974621,47,10914.556844659048,Good,Employed,656.8571904791052,0,0
37093.799520740715,69,18296.228342162027,Bad,Employed,4983.773596776499,4,1
44231.66683655262,25,19687.850688132792,Good,Employed,5316.178450646369,1,0
65094.39213821661,39,6962.200678155129,Bad,Unemployed,4444.911487368897,4,0
41346.62195715277,61,11186.37610716893,Good,Employed,7582.547678031758,4,1
62535.38168097712,53,11154.28825106351,Good,Employed,5843.560148501741,3,0
33054.397180135726,22,10300.484494455677,Good,Employed,7620.383816161794,1,1
57947.06266872924,30,19147.37420965874,Bad,Employed,4568.078959299535,4,0
71623.5293098685,46,14030.869306135983,Good,Employed,6874.95498501385,1,0
12925.332498090662,48,13677.425793446946,Good,Employed,8270.132789055038,2,1
38046.57116794285,64,4980.688177966233,Good,Unemployed,7623.386898545323,2,1
58656.081907708096,33,18177.090151046134,Bad,Employed,2815.7168131425337,2,0
46954.31920935511,59,8803.708025732638,Good,Employed,4492.647844915238,4,0
55567.188100569634,47,15299.66315133164,Bad,Employed,4309.670589100408,2,0
40940.22219926269,33,16386.884689790957,Good,Employed,5978.509070152655,3,0
51298.8468120935,29,21803.292979193255,Good,Employed,6372.707110029066,3,0
47664.84146911881,34,8455.89800440444,Good,Unemployed,3322.2146519485277,4,0
67516.73092489711,33,-97.5607791041275,Bad,Employed,5135.677027833875,1,0
53816.31264951819,29,15919.247723768474,Good,Employed,960.1453356877273,0,0
55064.039931128034,25,24002.55590755427,Bad,Employed,7883.89001160378,1,1
43821.84550816299,37,21194.731764697186,Good,Unemployed,3975.2515186466126,1,0
42685.906638912595,20,16048.297076373128,Good,Employed,5111.727879688994,1,0
43511.627182705684,33,12541.819071839764,Good,Employed,4380.700572023878,1,0
55916.78213567445,47,19035.61298318655,Good,Employed,7292.05515002683,0,1
43685.232787696055,62,10132.269001477656,Bad,Employed,-675.0128827947583,2,0
54346.62285344619,40,17381.788846781095,Bad,Employed,4966.779315348182,1,0
81131.01197968159,45,17527.350795833136,Bad,Employed,4788.362485004604,3,0
63066.87055147538,68,20301.0495374944,Bad,Employed,4092.7272248166346,4,0
45109.647017482384,57,28798.300194555388,Good,Employed,8452.453091271265,4,1
68018.20883245918,22,16962.079835893834,Good,Unemployed,3225.3410822884575,3,0
43878.86940467673,37,12455.181871462506,Bad,Employed,6543.592354471322,1,0
19428.13197233219,57,14872.128439040027,Good,Employed,5712.505577412167,0,1
34878.70533623894,61,6154.6204755544095,Bad,Employed,7523.038505071032,2,1
21938.121184612166,18,11526.43434455471,Bad,Employed,3665.6218304449894,4,1
44727.297739380374,47,12953.58780943448,Good,Employed,3534.062201752482,2,0
50276.27568784328,38,12379.558010327037,Bad,Employed,7192.139814954797,0,1
75146.55968412924,37,15761.77436016861,Good,Employed,5850.6426166602205,4,0
54903.910606462436,23,10887.900338088997,Good,Employed,1910.1253066464828,2,0
46713.49206786704,39,20605.15333662236,Good,Unemployed,3921.3899710734595,0,0
62441.083717752335,35,15001.035324590985,Good,Employed,5772.765307696121,2,0
16832.970364881723,25,14953.498394306927,Good,Unemployed,6675.528443093179,1,1
53534.21837162849,56,13360.52641743541,Good,Employed,3641.53869361409,0,0
61562.9779083045,49,15775.953419294896,Bad,Employed,-828.5119796338822,2,0
27821.206313302377,50,19125.491323338174,Bad,Employed,6046.446371474067,1,1
67156.31064810394,33,10664.348921445498,Good,Employed,2559.3586201120484,1,0
55077.44611241621,29,11709.417554623717,Good,Employed,965.3224037551772,0,0
43770.681291487985,55,13481.369856116677,Bad,Employed,-664.6518499682816,3,0
59491.72799159427,69,8270.645382633926,Good,Unemployed,6627.961720395482,4,0
84060.39286706594,51,10903.710701392512,Good,Unemployed,5257.234900809933,0,0
52727.99382587743,31,12618.895632276704,Good,Employed,4548.687238575497,1,0
53723.30879450504,53,19371.94590356364,Good,Employed,7778.048725925523,1,1
43109.58650689634,50,16312.806645009625,Good,Employed,6274.649366046146,0,0
37252.33445802813,40,15967.949556837722,Bad,Employed,8232.600085443833,3,1
62455.03724816369,67,19254.489810839863,Good,Employed,2214.529055666007,4,0
37158.74261136699,62,14313.141058003017,Good,Unemployed,4930.898752092073,2,1
51073.49355829089,19,16952.324249644447,Good,Employed,1766.5732501039715,0,0
42835.13829852325,58,14483.891235337518,Good,Employed,4541.235336289065,4,0
57184.697386195876,38,16326.811746998143,Good,Employed,4502.768292466645,4,0
55004.931579304226,19,12086.20671194209,Bad,Employed,6253.227274526142,1,0
65563.0991638685,44,2805.9142086178545,Bad,Employed,5091.127762283797,2,0
42349.75401717879,26,14328.60418906848,Good,Employed,6246.814276559831,0,0
45951.87597059943,18,22113.7406804997,Bad,Employed,6406.880266277789,1,0
35318.54426326539,28,19631.077011207963,Bad,Employed,9309.857354766284,1,1
43335.60109885833,20,19826.987422955855,Bad,Employed,4369.406689427751,3,0
55659.50739567279,69,21180.65360903109,Good,Unemployed,3117.954598667242,4,0
61354.829249680275,40,15443.287954807187,Good,Employed,5492.167230632817,0,0
36167.52013733562,43,15986.578537027977,Good,Employed,3395.439945720913,0,1
63044.088801584905,21,11911.74052282825,Good,Employed,7963.921536873072,0,1
70334.56788207426,35,13419.635719864751,Good,Employed,4433.563922109535,1,0
56201.523548355515,23,18078.85574885571,Good,Employed,3868.847264252019,3,0
78151.937188371,52,21019.42218584408,Bad,Unemployed,4057.368557697764,2,0
38393.1620134464,39,14302.768621595002,Bad,Employed,6436.834846943282,1,1
31330.179450328746,60,12749.053675742942,Bad,Employed,4684.50603353703,2,1
23319.19626643582,32,15002.639794282986,Good,Employed,3716.6663597392353,3,1
72440.66467233775,39,18006.033744645574,Good,Employed,8330.703835247063,4,1
59815.484845310864,54,7780.725919332291,Good,Unemployed,3287.6603186764996,0,0
49166.229936343174,69,3519.0952343138088,Good,Unemployed,5071.132148065987,2,0
54199.529394797304,59,12247.315752542083,Good,Employed,6304.612303220461,1,0
33117.66429052435,29,8896.437870429207,Good,Employed,1737.3297791658533,2,1
86686.27969425239,64,12459.299011763445,Good,Employed,5960.52100281185,4,0
51938.31772962841,66,14261.098405912642,Bad,Unemployed,2889.784649039101,0,0
51640.92191907339,59,12733.757954884933,Good,Employed,6645.565561668005,2,0
60886.49935848038,55,22262.337672353726,Bad,Unemployed,3074.6979761620473,4,0
57215.1384760507,35,16633.7238230116,Good,Employed,6385.538063697721,1,0
53358.26036418697,62,16502.37179805414,Good,Employed,7211.666132589426,3,1
38142.88316832032,52,18111.03572021701,Good,Employed,6722.873051265609,1,1
57072.025357039936,47,9305.834411096155,Good,Unemployed,5502.633296476205,0,0
78230.3674471255,41,20195.55893710134,Good,Unemployed,4537.398114140601,1,0
70181.30069232467,59,14621.1785673227,Good,Employed,3847.160847330312,1,0
73897.79939959096,47,18352.40308620606,Good,Employed,7942.069381634208,1,1
42331.76485353222,31,9640.713834799222,Good,Employed,3601.0095596647134,1,0
35155.92769612129,23,7231.206169919678,Good,Employed,2925.8678528600076,0,1
48113.19619850528,20,19089.448290125143,Bad,Employed,6330.73787006566,4,0
50835.87368433042,33,16882.047630487585,Good,Employed,3407.726393627009,2,0
66412.87277706423,24,10489.742228212448,Bad,Unemployed,3099.873005067746,3,0
24613.03055427771,69,10651.684593626527,Good,Employed,2112.79147566047,2,1
72943.2547919092,31,20627.173922073845,Bad,Unemployed,4034.180321078965,2,0
47629.88152131516,26,9052.940535663362,Bad,Employed,4834.569952207014,3,0
43596.7839507887,32,23213.364766279818,Good,Employed,5486.183455321398,0,0
34818.434371097486,38,10496.896326760656,Good,Employed,6902.612488598967,3,1
25177.14992201346,52,18191.959628041914,Bad,Employed,6053.7958473315875,0,1
62347.55875942872,19,13356.907621255077,Good,Employed,4618.25556089364,2,0
51099.76950782606,44,18015.937155411717,Good,Employed,4603.6086472405605,0,0
30650.58650388419,19,12279.429989429038,Good,Employed,6020.314937830367,4,1
30573.818419045758,52,14186.03546963853,Bad,Employed,7545.140325857139,3,1
44963.229510648074,35,15204.595876978605,Bad,Employed,5252.628398966401,4,0
75035.32287934089,31,9989.062721092636,Good,Employed,4061.7382915791823,2,0
46106.12972954593,37,18704.121727100628,Good,Unemployed,3014.267997828909,3,0
27452.855703228408,35,12433.932167642073,Good,Unemployed,2109.589471175549,2,1
46313.85403871084,27,13857.000423299907,Good,Employed,6332.539344087047,4,0
45909.146453784946,42,10028.25312695744,Bad,Employed,6155.957047279115,2,0
9546.700355876426,19,2188.3317060234476,Good,Employed,6154.727050213323,3,1
49185.577002232814,42,14044.861186999155,Good,Unemployed,4742.681107295888,3,0
46535.98204686983,50,27063.07710806458,Good,Employed,7813.869491783502,2,1
60443.095472201276,53,18923.02143949012,Bad,Employed,4031.7630108303647,3,0
77734.34142418018,48,14903.698101328027,Good,Employed,6910.538474414411,3,0
66898.47544321636,31,13685.545853958662,Good,Employed,4922.514210020914,2,0
45966.669641677545,18,15112.329464060233,Good,Employed,3783.298470641325,4,0
33402.11136887495,63,17735.59557587605,Good,Employed,6185.060614635522,3,1
88600.3970487479,33,9095.935923455776,Good,Employed,5819.272237367987,3,0
50888.27651021732,63,20571.60847334436,Good,Employed,5713.945518533852,3,0
50208.939378694195,69,18576.90657720622,Good,Employed,5162.556844112398,3,0
49638.12369334995,20,18590.928628539674,Bad,Employed,4924.213836566339,2,0
52971.271411517824,52,17192.378694048635,Bad,Unemployed,9776.743985740877,4,1
47834.593821140865,58,15098.08328846995,Bad,Employed,7368.513290392346,4,1
41395.069896796456,23,18364.3061798341,Good,Unemployed,6445.653789971024,0,0
41797.115881394115,42,17959.07066870689,Bad,Employed,5223.598316406777,3,0
49508.70094676002,30,13229.796445294882,Good,Employed,7014.314401193338,3,1
41848.62843299352,51,12131.991135515495,Good,Unemployed,6035.989552782904,0,0
39307.313259842536,25,15509.281476309934,Good,Employed,5052.409505548071,4,1
51596.453415378455,38,22745.100757475935,Good,Unemployed,4392.87134946817,1,0
46175.34173868717,51,8804.464621730494,Good,Employed,4838.165324674624,1,0
72559.89482874033,21,7662.3736712377995,Good,Unemployed,-1340.851471756111,4,0
10235.45287410482,42,15823.804206182584,Good,Employed,5421.201678595284,3,1
66372.60277883692,32,15254.43850928009,Good,Employed,4023.0478397792804,1,0
68691.27788746444,21,15866.708321852042,Good,Employed,8185.339996565768,2,1
18899.146513877757,62,16219.765989542502,Good,Unemployed,5038.688141623508,2,1
44859.68608879477,29,13883.988726825974,Good,Unemployed,2622.073160930076,0,0
44428.38701006313,49,22449.31719301041,Bad,Unemployed,4900.2396917437645,4,0
28887.32457923268,49,6995.480107617423,Bad,Unemployed,2907.7578298749913,4,1
38332.74968613687,45,10857.51487609877,Good,Employed,5946.814831424933,1,1
33341.36231801257,30,14483.726199254763,Good,Employed,5581.894728678971,3,1
76284.05665135435,48,6784.055944229163,Good,Employed,6915.679262216536,4,0
64035.17589721191,31,14120.727977839644,Bad,Employed,3418.236416610869,1,0
69073.32642491237,37,23307.35082864009,Good,Employed,5068.0161924562935,1,0
60825.08096064853,35,15104.432441479808,Good,Employed,2269.9564091467296,4,0
33064.22343174156,46,16153.504528593417,Good,Employed,6402.989563849429,1,1
42132.196005803395,23,8699.176174137097,Good,Employed,6037.742360880244,0,0
57340.61841841877,49,11918.192959802613,Good,Employed,5991.610042055142,0,0
31668.082866620818,46,13124.018098380315,Bad,Employed,5003.238062713882,4,1
60694.97645258582,60,13411.424516218829,Good,Employed,5829.545781577582,3,0
46395.119027627974,19,21408.218975018845,Good,Employed,8208.678216617192,0,1
44377.68788675604,40,17788.455303625622,Bad,Employed,4429.811485915972,0,0
60664.39952305237,36,9442.71021531484,Bad,Employed,5277.290367420169,4,0
56663.9496722906,48,16232.523892160025,Good,Employed,2827.7474016371802,2,0
44585.507512713804,68,17491.108742483924,Good,Employed,3263.478076803335,1,0
67389.94705046373,22,20700.745192606333,Good,Employed,5195.626586186615,0,0
33784.05008600154,36,22902.703432841867,Bad,Employed,7207.867093403815,2,1
59239.034104163955,51,9924.529040860656,Good,Employed,4487.438351496855,3,0
58896.51886952575,27,10945.712443948309,Bad,Employed,4528.166941375752,2,0
45356.803410290144,42,8712.11070542692,Good,Employed,4186.22951099125,4,0
54891.99533363177,19,13829.900704465093,Good,Unemployed,3930.4866583113535,3,0
31233.296354220456,28,17331.79187223167,Good,Unemployed,5589.942911417643,3,1
63860.40528810352,67,19936.67258294551,Good,Employed,2005.4847096427106,2,0
47226.46795335517,48,14620.244881787386,Good,Employed,7561.879153333455,4,1
42159.154692214404,32,13400.76238372578,Good,Employed,3669.1554037410788,0,0
65735.13838755334,26,15758.789961243701,Good,Employed,6443.806970876283,2,0
39434.84464185861,40,10824.285491849885,Bad,Unemployed,2460.0028052122484,0,1
28873.080554546606,36,25447.693608473866,Good,Employed,6337.680261092436,2,1
26650.562397141442,26,6961.6948644097065,Bad,Employed,6343.889215628995,0,1
59090.14927018459,52,15923.702894478622,Good,Employed,5768.404144011793,2,0
30793.559712555754,38,25118.031096148196,Good,Unemployed,3011.1429564004156,3,1
76321.91272976546,26,15033.999222799988,Good,Employed,5499.096379196154,1,0
18771.058881744168,45,14049.804824992527,Good,Employed,2633.887630531222,3,1
75446.84552435057,63,13212.772885947865,Bad,Employed,4494.473489807629,0,0
53165.26200803927,68,14098.04159118796,Good,Employed,7058.826201910651,4,1
48549.30332194411,24,21864.24237338265,Good,Employed,6593.403854141484,3,0
41826.21369786575,33,3940.690443352465,Good,Employed,5030.365885080866,1,0
55987.04171528106,33,22667.168506481627,Good,Unemployed,3050.386848154316,0,0
49435.47946362727,50,7880.214237749275,Good,Unemployed,6291.1754243483865,3,0
66549.52823024782,21,13666.738353827926,Bad,Unemployed,5038.762475396051,2,0
51713.41472993059,21,12853.77789850669,Bad,Employed,359.3688035391533,4,0
52254.52642192817,56,17942.766348853598,Good,Unemployed,6565.259652633036,0,0
44545.81681679216,57,7009.378240581262,Good,Employed,4951.534332260616,3,0
49145.81564418399,34,17310.863330409713,Good,Employed,7404.902495966145,0,1
54617.026533380886,54,25121.548116434264,Good,Employed,2809.4589623143906,2,0
24347.474110150615,56,8184.129977035947,Good,Employed,-1353.4076263920015,1,1
29777.218668414305,69,15948.530838051978,Good,Employed,5558.16771669037,3,1
61148.96141034072,46,11690.089111016954,Good,Employed,5583.127353363945,0,0
52562.981571919125,69,17129.43603096518,Good,Employed,1618.6567447870962,0,0
47240.24995470981,53,15095.73888707876,Good,Unemployed,3043.0009082667875,0,0
50276.5089959809,55,11792.565454778452,Good,Employed,10510.435487439803,1,1
55213.72558042507,56,17439.36142435537,Good,Employed,4388.778771692393,0,0
41903.60479535958,67,24021.740548933718,Good,Employed,6461.917952752432,4,0
38325.42911896531,54,14045.481041363506,Bad,Employed,3698.6803452632325,4,1
52937.67882646522,69,18598.789710740908,Good,Employed,819.3942022936862,0,0
35324.40833577452,52,8533.635210644181,Good,Employed,4659.483506408189,4,1
56123.79133571708,24,10217.818115909955,Good,Employed,4468.79087942779,3,0
24461.245936432395,44,17362.031389401887,Bad,Employed,4200.243522663257,4,1
65437.33455988466,45,22420.580142679824,Good,Employed,4770.7183289872155,0,0
57088.96223619564,39,16778.0667439283,Good,Unemployed,5528.536543291273,2,0
53840.44601470813,31,13434.709847384229,Good,Employed,4699.7660974923865,3,0
64740.36475918271,24,14996.45702711677,Bad,Employed,2471.9876641052724,1,0
74982.11666693864,54,8747.961330151413,Bad,Unemployed,5972.369583123877,0,0
65215.55097527196,39,18022.576631776836,Good,Employed,1101.2564893551535,1,0
22386.88653002532,22,19411.665311617046,Bad,Employed,899.2850854315993,2,1
30806.345498964478,19,12739.5483358346,Bad,Unemployed,6478.360989403136,1,1
40627.72133456482,44,12649.789261202492,Bad,Employed,6014.040544270713,0,0
50391.36575316251,38,16329.391148260242,Good,Employed,4885.209269851928,0,0
57764.88530703685,55,12816.401319797023,Good,Employed,2209.102990489856,2,0
39113.84280269802,32,14669.336926870888,Good,Employed,3584.178118651849,0,1
52801.50146715617,38,25498.608945832577,Bad,Employed,4474.506504626992,2,0
38669.256014700164,27,13764.871496270016,Good,Employed,1808.2120628517732,2,1
40827.23295512078,40,13208.29923989389,Good,Employed,3521.9426839535345,0,0
28900.083547276667,56,11762.290971824204,Good,Employed,6304.66067635336,4,1
36151.50130833643,22,18720.959857499685,Bad,Employed,7854.610728578433,2,1
29724.730915754997,18,14093.879133909486,Bad,Employed,4161.130494682899,0,1
35361.90120534001,30,11753.13480839287,Good,Employed,6512.976708632197,4,1
65804.62694911759,38,21606.52016136506,Bad,Employed,1171.8798588250652,2,0
35759.01666752085,43,22098.015022568186,Good,Employed,6318.902482227223,4,1
89485.73097256086,67,11997.882171306475,Bad,Unemployed,3392.1031705450378,3,0
57399.76851321334,62,5667.300243196918,Good,Employed,5614.691233415941,3,0
52772.54185542311,38,20037.56844918461,Good,Employed,4504.495163520582,4,0
37124.6332972818,35,11576.85087119998,Bad,Employed,7640.828019567669,2,1
60504.64819113487,54,18953.127995813844,Good,Employed,3251.1287033201634,0,0
41365.43260643339,62,5149.480911440822,Bad,Unemployed,6255.212595123662,1,0
51830.147219680424,49,19462.986691496546,Good,Employed,4440.985073406933,0,0
88401.26807403192,53,8944.140353596093,Good,Unemployed,4683.389043980673,1,0
48559.10150413025,34,18653.82059533262,Good,Employed,4632.2922136815805,1,0
67239.09989428514,52,15071.36533918217,Good,Employed,3308.653791011774,2,0
39452.35362311169,66,10230.302903016775,Good,Employed,4971.8020681866565,4,1
49475.17264254557,28,12964.818435366098,Good,Unemployed,4874.703555756357,0,0
76562.00953453264,38,18431.592284783503,Good,Employed,5482.480496813459,4,0
40595.494133183485,69,15529.47226557617,Good,Employed,5169.010291385725,3,0
77186.72836995393,43,17922.06490236242,Bad,Employed,6595.989099224473,2,0
60616.279031832135,21,24882.202922577428,Bad,Employed,6847.017232094738,2,0
41562.99836158598,51,7178.791941444743,Good,Unemployed,2898.7533563443976,3,0
59486.116085832815,69,23086.06287484312,Bad,Employed,6737.545001181542,0,0
64588.316744400945,65,15521.779687616065,Good,Employed,2627.327145780291,3,0
59327.149433257946,35,10506.07975838436,Good,Employed,6175.71177627547,0,0
26446.629201643154,57,8348.43187130505,Bad,Employed,6239.477569405737,1,1
39092.94236262697,52,14054.398046114833,Bad,Unemployed,1177.3662166749918,2,1
46287.22046672743,58,19608.250559622298,Good,Employed,5185.958493058819,0,0
48883.498563499306,46,14362.254398112329,Bad,Employed,4063.007773279369,4,0
59310.08146326017,69,22555.774651236738,Good,Unemployed,3482.4694841292503,4,0
52665.51501399881,46,7744.121549742205,Bad,Employed,7701.704661398011,2,1
29969.83461934848,55,14939.555260769726,Good,Employed,3692.641718725162,3,1
55702.967765089445,59,8738.032777934404,Good,Employed,3387.2461417639006,3,0
59158.786179257346,38,16818.15941312484,Good,Employed,5151.389880010187,0,0
58396.856718965595,59,19434.436950486503,Good,Employed,6371.179492596833,3,0
66211.71088331932,30,12896.191031594733,Good,Unemployed,4716.702827979746,2,0
62508.83231823356,66,1978.9307168643281,Bad,Employed,7332.741091338505,0,1
56887.70118842655,58,15994.740733982473,Good,Employed,6061.9513239281805,1,0
48947.51432812029,34,17183.69275866755,Good,Unemployed,643.5773605371396,3,0
25085.58599726013,26,17021.473774808488,Good,Employed,3941.0660729859837,3,1
56444.273286988784,58,21178.91095911077,Good,Employed,3876.315801296602,0,0
53115.31530744667,18,9644.731601754756,Good,Employed,5958.721906858845,4,0
54073.6825579306,19,18401.08052725225,Good,Unemployed,-249.63411274822374,3,0
30848.77136269536,65,20962.537562389873,Good,Employed,10098.019417435444,2,1
33784.151893876064,46,6107.062079967416,Good,Employed,6062.05218978842,3,1
65797.29279999355,50,16598.259129594888,Good,Unemployed,5297.753607835382,1,0
49406.672692150176,27,12479.100844961642,Bad,Employed,7363.135432838293,3,1
60222.510460589365,67,14592.38663449177,Bad,Employed,9687.308105625249,4,1
50424.77564195692,57,16738.382417691682,Good,Unemployed,6741.493289176807,3,0
50446.34209243618,38,12563.857179432238,Good,Employed,6897.62619294324,0,0
64074.25708963996,45,11621.459604191941,Good,Employed,5261.380048928765,3,0
42259.32907673939,28,15170.762087440124,Good,Unemployed,4716.9484932661035,4,0
51441.811654114754,51,9563.770305685986,Good,Employed,4048.4091119901977,0,0
43065.87066942436,25,9570.874355574073,Good,Employed,3347.776016570916,2,0
43482.55658851527,39,18396.86641478252,Good,Unemployed,3625.9718006010053,0,0
45362.41814797041,25,9256.029824206718,Good,Unemployed,2298.888071314034,1,0
53332.00657450569,66,18331.56250454606,Good,Employed,4848.257098629953,0,0
42818.77067504784,32,17312.956464269755,Bad,Employed,1630.6648455472264,2,0
68836.34188360281,34,6370.966356047016,Bad,Employed,5381.833048287422,3,0
36580.89046670744,40,11612.176738321725,Good,Employed,4927.3387839153165,0,1
47196.92533757961,41,20970.54701523686,Good,Employed,5293.870596773376,0,0
43404.034125887374,62,10094.17234430159,Bad,Employed,3955.736859960015,0,0
71704.668265306,36,12677.978688453062,Bad,Employed,11153.720740361008,0,1
52948.32164767362,22,17310.304466259484,Good,Employed,7720.231800360626,2,1
65477.66809202952,49,18916.952546412977,Good,Employed,2510.9149998305543,4,0
27716.59440444542,61,13742.305569777522,Good,Employed,5465.736174853797,4,1
54005.75398803888,18,12012.449026541792,Good,Employed,3783.987714125353,0,0
63344.46193435155,40,22111.84930849254,Good,Employed,2971.0405465851723,2,0
51234.259839131366,54,23694.498318987895,Good,Employed,2319.8558577521303,2,0
65982.20562598026,25,19894.290253908977,Good,Employed,5864.433381518508,0,0
42240.673248494415,30,15426.59071282512,Good,Employed,3637.239529860852,1,0
71140.2116027837,25,10958.671391795368,Bad,Employed,6935.652048050408,0,0
84483.47185428876,40,10847.777967217175,Good,Unemployed,6987.564429060878,1,0
44557.42159340512,60,17612.57052632879,Good,Employed,7747.828770422899,0,1
43317.462178988426,18,17091.99110444342,Good,Unemployed,3295.226467851793,1,0
71800.7671567655,62,22007.992964732148,Good,Employed,5950.7312213840205,1,0
73693.58218596068,68,18252.250462680695,Bad,Employed,6264.908433284601,0,0
42157.09959270098,41,7484.59849120091,Good,Unemployed,4051.6436497920704,1,0
43697.19774356214,52,20259.73808861459,Good,Employed,3456.45608521425,3,0
45773.230867092396,41,10009.696863427936,Bad,Employed,8219.041331551945,4,1
29833.242334485843,34,13080.143640238242,Good,Employed,5454.991751464107,2,1
36220.22080273703,22,16251.001031258473,Bad,Employed,6271.935501423476,1,1
34937.88849871898,37,24978.33744891982,Good,Employed,3355.847976344145,1,1
38483.03652343807,38,30549.592780026804,Good,Employed,2561.4310669556126,2,1
49479.72668919828,57,18033.615295680913,Good,Employed,3861.100451015779,1,0
53513.22098804781,48,14084.016906398061,Good,Employed,4751.957225220006,2,0
73257.50739221115,63,17672.52824240275,Bad,Unemployed,2871.5599863653024,0,0
35024.68938891814,53,19438.27712936918,Bad,Employed,4980.310382699234,3,1
64764.83597714876,28,13396.661872214041,Good,Employed,1622.989623863,3,0
46790.16733661736,69,23976.05677956161,Good,Unemployed,2759.9051550602558,4,0
49258.044355213504,32,16150.35379595701,Bad,Employed,6341.82249655375,1,0
60122.29238249906,36,17488.71544545697,Bad,Employed,6207.581040555789,4,0
33159.16967656552,24,18329.621260272306,Good,Employed,4216.246469226267,0,1
55736.14619276076,68,17107.93305307228,Good,Employed,2964.471381846094,3,0
52496.78312319584,45,19194.70250234806,Good,Employed,2945.192896947978,0,0
57386.76896012224,68,11913.734067265385,Bad,Employed,4253.463508117372,0,0
54337.52965861727,60,12208.491230269847,Good,Unemployed,6289.036983290583,1,0
86829.50209866342,22,9499.228835141526,Good,Employed,6856.4913826886495,0,0
40433.900236230256,22,17197.50615310113,Bad,Employed,4006.936529036062,3,0
42035.04567497274,47,18894.68251756057,Good,Employed,2693.015148030432,4,0
40652.89210362853,49,17288.86433075943,Good,Employed,5535.687275732666,3,0
41667.843212596184,25,23372.462166737685,Good,Unemployed,3352.9300587483012,1,0
40439.19309040223,27,14972.019905854768,Good,Employed,3963.4947222775954,3,0
67835.24796661327,55,18343.708277962563,Good,Employed,7650.552180874075,2,1
71307.56371984782,64,9541.495619303429,Good,Unemployed,6654.230857131536,4,0
41438.805593757854,49,13064.501487627995,Good,Employed,5315.948624502904,2,0
37514.66640343657,65,18477.688787828887,Good,Employed,2456.1619977745545,2,1
57071.23334579606,45,19245.51055371572,Bad,Employed,5422.7931349413175,1,0
41716.65433578543,34,13530.165261679089,Bad,Unemployed,7125.314581575053,0,1
59493.97726633266,48,14642.003740709666,Good,Employed,4248.732668468929,2,0
53043.845312769496,25,7410.631266595953,Good,Unemployed,7702.22817997343,3,1
27263.838275041522,57,13214.853995966952,Good,Employed,7585.490579036414,0,1
73212.57801995092,42,19451.91581759893,Good,Employed,8327.465664286947,3,1
76938.16509643283,26,17876.025080532832,Good,Unemployed,5610.486253062706,3,0
40808.16964273421,19,17503.32860690605,Good,Employed,6174.783399612024,0,0
44184.47660096024,32,15248.8684359048,Good,Employed,7828.37457666218,0,1
54287.98086087358,67,15035.315793140882,Good,Employed,5894.787874137951,3,0
55016.851849805375,20,11698.394302632765,Good,Employed,3997.5317844195747,1,0
59878.164090092454,66,18494.142101012672,Good,Employed,4102.9143269442775,4,0
80153.06808149524,53,17104.86472194695,Good,Employed,5477.1099075474785,4,0
47345.79158758926,21,17460.094239963997,Good,Employed,2418.8771561075628,1,0
38025.541331923196,31,12369.825786662099,Good,Employed,4713.482169271615,0,1
29310.21157978209,58,4233.285400643777,Bad,Employed,7193.094236460507,3,1
39036.04940087121,58,20485.763558768478,Bad,Employed,617.4922976694379,4,1
49503.095406893044,42,12605.81271995798,Good,Employed,8068.96420358903,3,1
76918.36795276681,67,10686.121179784397,Good,Unemployed,7244.748437406319,1,1
42235.830514457426,27,18467.39455956997,Good,Employed,4080.4707683390475,3,0
53356.819274583475,38,13039.936800404352,Good,Employed,6086.781655743619,1,0
49753.65655890872,53,20299.68192023311,Good,Unemployed,5006.295453812653,0,0
67825.89910172127,29,18085.029747883487,Bad,Employed,7459.980736877365,1,1
87903.98638810433,44,18417.84661600239,Good,Unemployed,6965.3662855398825,1,0
42036.96840619519,57,8170.221443997329,Bad,Employed,2199.8585536339815,4,0
42658.40836222667,19,21059.719926932004,Good,Employed,6174.524826928353,3,0
65662.41315603608,30,16306.25265616928,Good,Employed,4588.744292713504,4,0
60228.37234439467,49,13153.614303768984,Bad,Employed,5165.6651410362,2,0
77700.6098860405,48,15716.942336711256,Good,Employed,3543.656198060369,1,0
58758.92277988946,33,6118.8238355083995,Good,Employed,8496.274138241672,2,1
44610.61863819411,49,17043.264057403354,Good,Employed,7080.1236398051515,4,1
58859.82246038464,49,9853.142459089642,Good,Employed,3520.4576720540654,3,0
66630.55370874362,51,8236.648570782327,Bad,Employed,2330.778786179535,4,0
62307.23271796046,28,7388.204068910544,Good,Employed,4228.6547380443035,3,0
57609.11046660947,27,20563.441874949625,Bad,Employed,5869.005292182612,3,0
66000.1203438373,32,11853.683031536057,Bad,Employed,5480.411687892446,0,0
67539.4338566851,34,22668.638549582494,Bad,Unemployed,7506.265649536486,1,1
70732.38486556291,57,12320.99268473851,Good,Employed,6579.839444361704,4,0
59730.64831384464,35,6463.2102120352665,Good,Unemployed,6939.138051505814,3,0
47493.22879524718,26,9417.377800256705,Bad,Employed,5653.710801220875,4,0
52200.705296499844,42,21179.058100034694,Good,Employed,2221.4025395780195,4,0
68097.63449762535,57,14220.509110316663,Good,Employed,4608.602937706197,3,0
37745.964935191456,31,12258.563517546994,Good,Employed,7120.1794798173305,2,1
55530.099633093516,42,15800.09112926394,Good,Employed,4896.954142950708,1,0
44099.91781508959,67,17508.913680837726,Good,Employed,6006.180737247493,1,0
50431.17234402226,39,20586.994079512304,Good,Employed,4362.503369507734,0,0
69176.77793910948,69,22242.49614946463,Good,Employed,2940.37630291631,0,0
52866.48602029855,47,13201.156771054571,Bad,Employed,4753.311871907779,0,0
50696.54822234223,37,8369.76156958981,Good,Employed,5618.094886065308,1,0
29602.15788530121,38,12932.67419438362,Bad,Employed,3688.624561077113,2,1
61193.80349040831,61,16301.402532914432,Good,Unemployed,4528.577510286663,1,0
59682.26271711613,49,10181.205368946947,Bad,Employed,3121.0735160280346,1,0
82448.8208495819,68,10214.245425524787,Good,Employed,7238.489835128192,1,1
45383.32647570499,63,16718.93940774943,Bad,Employed,4411.088484823932,1,0
53287.254914959085,66,14756.738242147745,Good,Employed,7905.511090252367,2,1
53740.75525566133,38,15163.984977057933,Bad,Employed,8057.495701081817,0,1
73661.79919645212,52,11207.523326499653,Good,Employed,4837.908070556512,4,0
48570.567014195716,49,13847.996428971164,Bad,Employed,2983.1025349053007,0,0
54185.32288655509,47,10378.834278658478,Bad,Employed,828.2042445333254,0,0
59118.44764574809,56,19450.992055623934,Good,Unemployed,2055.9258539464167,4,0
52799.13684734537,66,20176.246673618763,Good,Unemployed,2252.3303502026797,1,0
43303.49578174208,29,5769.060688809532,Bad,Employed,7756.939254923009,2,1
52911.34989347462,58,10352.44569903795,Good,Employed,5231.649174453893,2,0
66104.47624789659,64,7517.3537245496045,Bad,Employed,5779.209048183976,0,0
34602.270508834095,35,11749.88032796551,Good,Employed,559.1579821297482,4,1
51994.54511220314,38,14582.810151048196,Good,Employed,2604.067141565477,3,0
39498.1877759124,30,7751.773901507349,Bad,Employed,6774.159552892574,1,1
67925.69943387264,38,10390.700934373435,Good,Unemployed,5573.548224765173,0,0
27152.19642824338,25,9980.213139592506,Bad,Employed,4705.589442628805,2,1
41616.17229092617,63,16036.33664699472,Good,Employed,6129.684717200245,4,0
55658.17812596781,57,15346.721685181252,Good,Employed,8271.59561227163,4,1
73482.86043851511,63,11391.312233313733,Good,Employed,4557.915072925899,0,0
49013.746083905186,24,15884.10436069699,Good,Employed,5138.739605316139,3,0
41672.00709960202,40,12266.599577063673,Good,Unemployed,5385.193837462611,2,0
78217.35604160884,61,13641.724448369734,Good,Employed,9784.219270547985,0,1
28279.79149375634,49,23367.260451492686,Good,Employed,801.2874711619488,3,1
17017.910650698774,28,21702.30525895174,Good,Employed,6366.446029577616,4,1
56600.216750799984,39,8502.093815362012,Bad,Employed,4770.395502481872,1,0
42469.18663471083,39,19148.66208939587,Good,Employed,6133.543452368359,2,0
34681.5077430393,60,19056.98277245796,Good,Employed,3685.254892010551,2,1
60625.3467094903,42,9258.683556236909,Good,Employed,4902.0699382831,3,0
53657.010706567984,39,19093.888218774304,Good,Unemployed,6422.82115893099,0,0
41538.820538949076,45,22689.659592062766,Bad,Employed,11225.820402087682,4,1
30795.434019936583,46,9387.27596877793,Good,Employed,6616.072378804143,3,1
63086.859924202174,30,10412.485894928683,Good,Employed,3303.8688039389826,1,0
59753.017669379915,35,20088.307334217512,Good,Employed,4152.480635954594,1,0
48512.36204330926,19,16357.47655412824,Good,Employed,4093.171783232292,1,0
77699.554940715,46,17757.381376197616,Bad,Employed,1408.71365473997,3,0
33948.72850510771,38,16702.946082002483,Good,Employed,4339.819616597126,4,1
27117.122436128917,32,16953.47960464072,Bad,Employed,6465.65816364349,2,1
39621.378951781335,69,8367.639358444585,Good,Employed,2451.53576184641,0,1
49316.209754667536,44,20236.588533107242,Good,Unemployed,7096.965302101185,2,1
53650.091739840376,67,20847.949962138868,Bad,Employed,5975.549642168677,4,0
46381.459132155054,48,13853.046279659862,Good,Employed,3531.5333560579243,2,0
55280.83094771445,32,14782.615250930688,Good,Employed,4716.940725324305,3,0
31226.90863714334,68,7344.462487221389,Good,Unemployed,8196.643615282066,1,1
71656.46906109889,40,17571.273780089174,Good,Employed,6467.095627011731,4,0
48767.732324111465,41,17860.28720857072,Good,Employed,5017.567309796295,4,0
66759.43747382192,61,14689.044915003446,Good,Employed,4524.633366078031,2,0
55140.88019566556,30,20621.766799352514,Good,Employed,5153.218140903319,3,0
56851.29828730676,39,13329.613845100297,Good,Employed,3976.472884115393,2,0
58546.50920348306,60,17823.029629468,Good,Employed,790.5009885619711,2,0
56715.628400259724,54,9901.678306539423,Good,Employed,9084.355821069461,4,1
59640.84139801316,50,14882.239245628809,Good,Employed,5310.649998398803,2,0
69937.28795198648,20,14128.22871048582,Good,Employed,5796.294530245074,1,0
52947.817545522055,36,16126.539610204709,Bad,Employed,4884.184500246182,2,0
60635.05636382769,40,13152.365355833208,Good,Employed,3529.7663985508243,1,0
48653.964585691596,46,14342.637021641662,Bad,Employed,4628.151038102458,4,0
71601.75823174209,47,19130.23585720753,Good,Unemployed,1801.2104756113777,3,0
39854.115469110955,56,12816.178813808912,Good,Unemployed,9554.172996106608,1,1
77014.10649366223,61,6967.1144963066035,Good,Unemployed,2530.9760031552078,3,0
49397.63074033485,64,23747.919521027103,Good,Employed,2936.067432305641,3,0
28538.373468229278,42,21907.270393452432,Good,Employed,4119.481591227199,1,1
51921.56622366184,54,8538.686524471907,Good,Employed,7576.151449704756,4,1
39784.22513787678,64,18448.53902622597,Good,Employed,5029.017998525308,0,1
62609.65323483086,25,12485.126147243285,Bad,Employed,2527.728407939075,3,0
40210.640310464136,59,16317.436076655298,Good,Employed,7508.676721514679,3,1
43307.248501778304,33,16471.12064506747,Good,Employed,6462.001253570963,4,0
21656.889035817036,25,13827.96099841839,Bad,Employed,6076.869914432905,4,1
43215.405211263846,18,11081.171672068018,Good,Employed,6431.468482341681,2,0
13641.81010056565,61,11547.294738418703,Good,Unemployed,9788.723801164902,4,1
26241.45764771415,22,10419.040422593787,Good,Employed,9370.189790072225,3,1
61406.21984216446,20,10840.888958847776,Bad,Employed,3626.569313993409,1,0
61787.00237976248,18,14664.108549753224,Bad,Unemployed,8247.769985622304,0,1
56381.86342677447,21,11421.20005444624,Good,Employed,5766.336379517801,2,0
35495.3578530618,57,18410.260328563098,Good,Employed,5998.191632275499,1,1
49284.3296578703,52,22436.230776679637,Bad,Employed,1615.4583367133428,0,0
49945.96191364148,49,12099.733793149786,Good,Employed,4659.228469223608,0,0
32624.529662111858,59,16197.022502676886,Good,Unemployed,3374.3528193268703,0,1
72550.97452650726,51,17498.42555151467,Good,Employed,6656.117629786619,1,0
63160.43435863507,60,17360.011354596372,Good,Employed,7142.1610008056105,2,1
46685.53739255504,42,15379.776339580438,Good,Employed,851.0272979673773,2,0
50403.28758491796,27,18713.41209179861,Good,Employed,4955.930271991459,0,0
53125.74211921329,38,17411.244763403287,Good,Unemployed,7243.723009588504,1,1
19373.97697363564,63,8811.68788836351,Good,Employed,4626.64207537311,0,1
46292.339262191046,56,19345.780321946368,Bad,Employed,6458.127290004729,4,0
39770.23628003302,44,19436.45418633371,Good,Employed,5702.330935254168,2,1
34975.69985157627,44,11183.569479107093,Good,Employed,5683.320463905253,3,1
45783.495606710676,19,15189.68917723801,Good,Unemployed,4457.370043863405,0,0
76965.29790274284,58,18416.644964055347,Good,Employed,2566.838391728581,4,0
59612.64291900515,65,13953.430902103191,Good,Employed,2756.939705149945,2,0
41432.31515325805,30,20364.89023883006,Good,Employed,6418.705028910635,1,0
58588.74172034238,26,26819.362473096804,Bad,Employed,5038.916511037766,2,0
